"Category","Group","GroupType","Effect Size","Std Error","95% CI","p-value","Wald Test (p-val)"
"average age","Low average age","Low","0.0136 ","0.0089","[-0.0038, 0.0310]","0.1252","0.7725"
"average age","High average age","High","0.0111 **","0.0042","[0.0028, 0.0193]","0.0085","0.7725"
"female ratio","Low female ratio","Low","0.0200 *","0.0078","[0.0046, 0.0353]","0.0106","0.0745"
"female ratio","High female ratio","High","0.0055 ","0.0047","[-0.0037, 0.0147]","0.2420","0.0745"
"household size","Small household","Low","0.0142 **","0.0051","[0.0043, 0.0241]","0.0050","0.4162"
"household size","Large household","High","0.0082 ","0.0076","[-0.0067, 0.0232]","0.2796","0.4162"
"urban","Low urban","Low","0.0129 **","0.0050","[0.0031, 0.0227]","0.0098","0.9323"
"urban","High urban","High","0.0122 ","0.0074","[-0.0023, 0.0267]","0.0985","0.9323"
"electricity","Low electricity","Low","0.0155 *","0.0076","[0.0006, 0.0303]","0.0410","0.3322"
"electricity","High electricity","High","0.0082 ","0.0045","[-0.0007, 0.0171]","0.0718","0.3322"
"wealth","Low wealth","Low","0.0064 ","0.0046","[-0.0027, 0.0154]","0.1673","0.0990"
"wealth","High wealth","High","0.0184 *","0.0075","[0.0036, 0.0332]","0.0147","0.0990"
